<?xml version="1.0" encoding="UTF-8" standalone="yes"?>
<addon id="Dijentertainments"
       name="Dijentertainments"
       version="1.0"
       provider-name="coder">
    <requires>
        <import addon="xbmc.python" version="2.1.0"/>
	<import addon="script.module.t0mm0.common" version="1.1.0"/>
	<import addon="script.module.beautifulsoup"/>
    </requires>
    <extension point="xbmc.python.pluginsource"
               library="default.py">
        <provides>video</provides>
    </extension>
    <extension point="xbmc.addon.metadata">
    <summary lang="en">Dijentertainments</summary>
    <description lang="en">Movies ,Tvshows and XXX all you need in 1 plugin</description>
    <platform>all</platform>
  </extension>
</addon>
