<?xml version="1.0" encoding="UTF-8" standalone="yes"?>
<addon id="repository.Dijentertainments" name="Dijentertainments REPO" version="1.0" provider-name="Dijentertainments Your Name">
	<extension point="xbmc.addon.repository" name="Dijentertainments Addon Repository">
		<info compressed="false">http://raw.github.com/djjohnnyb15/dij-entertainments/master/addons.xml</info>
		<checksum>http://raw.github.com/djjohnnyb15/dij-entertainments/master/addons.xml.md5</checksum>
		<datadir zip="true">http://raw.github.com/djjohnnyb15/dij-entertainments/master/zips</datadir>
	</extension>
	<extension point="xbmc.addon.metadata">
		<summary>Install MY Addons</summary>
		<description>Download and install addons from Dijentertainments</description>
		<platform>all</platform>
	</extension>
</addon>

